slug,url,source,words,published,clicks_90d,impr_90d,pos_90d,clicks_prev90,action,redirect_target,rationale
jcb-telehandler-cabin-filter-location,/insights/jcb-telehandler-cabin-filter-location,legacy,1104,2024-07-27,122,3946,6,57,KEEP,,"Earns clicks. Leave alone."
e43-code-nissan-forklift,/insights/e43-code-nissan-forklift,legacy,1474,2024-10-24,55,8148,8.1,21,KEEP,,"Earns clicks. Leave alone."
jcb-telehandler-serial-number-location-2,/insights/jcb-telehandler-serial-number-location-2,legacy,1514,2024-07-24,31,1389,8,23,KEEP,,"Earns clicks. Leave alone."
cat-p5000-e31-error-code,/insights/cat-p5000-e31-error-code,legacy,1728,2024-10-19,26,1855,6.5,7,KEEP,,"Earns clicks. Leave alone."
jcb-3cx-serial-numbers,/insights/jcb-3cx-serial-numbers,legacy,1209,2024-02-19,15,503,17.6,9,KEEP,,"Earns clicks. Leave alone."
jcb-excavator-serial-number-location,/insights/jcb-excavator-serial-number-location,legacy,1118,2024-07-24,10,1422,10.9,15,KEEP,,"Earns clicks. Leave alone."
hyster-serial-number-lookup,/insights/hyster-serial-number-lookup,legacy,1377,2024-07-27,9,1604,22.5,9,KEEP,,"518 impr/28d at pos 24 — outranks /brand/hyster/serial-lookup (77 impr). Keep; consider pointing brand hub here instead of vice versa."
john-deere-skid-steer-serial-number-lookup,/insights/john-deere-skid-steer-serial-number-lookup,legacy,794,2024-09-07,9,305,19.9,10,KEEP,,"Small but real traffic. Low-priority clean."
hyster-forklift-fault-codes-list,/insights/hyster-forklift-fault-codes-list,legacy,1220,2024-07-27,8,1624,12.7,16,KEEP,,"Small but real traffic. Low-priority clean."
john-deere-skid-steer-product-identification-number-lookup,/insights/john-deere-skid-steer-product-identification-number-lookup,legacy,3718,2024-09-10,4,1417,11.6,8,KEEP,,"Small but real traffic. Low-priority clean."
forks-lumber-wyoming-2,/insights/forks-lumber-wyoming-2,legacy,787,2024-02-24,1,109,12.3,2,KEEP,,"Earns clicks (1/28d, 33 impr); WY is HQ. Low priority clean."
jcb-js-excavator-slew-motor-gearbox-oil-leak-repair,/insights/jcb-js-excavator-slew-motor-gearbox-oil-leak-repair,outrank,4268,2026-01-08,0,70,16.3,3,KEEP,,"70 impr at pos 16; JCB fault cluster performs — clean only."
hyster-h-50-ft-service-manual-pdf,/insights/hyster-h-50-ft-service-manual-pdf,outrank,4597,2026-02-01,0,58,9.2,2,KEEP,,"58 impr/90d at pos 9 with 0 clicks — title promises a PDF we do not host. Retitle honestly (specs/fluid capacities) or expect zero CTR."
jcb-immobilizer-bypass-keypad-code-reset-procedure,/insights/jcb-immobilizer-bypass-keypad-code-reset-procedure,outrank,3993,2026-01-15,42,1738,7.8,31,KEEP+CLEAN,,"Earns clicks. Strip persona leak / ""blunt"" opener, trim ~30%, CTA → real PN pages."
jcb-p-0087-fuel-rail-pressure-too-low-scv-valve-diagnosis,/insights/jcb-p-0087-fuel-rail-pressure-too-low-scv-valve-diagnosis,outrank,1037,2025-12-12,16,1117,6.4,9,KEEP+CLEAN,,"Earns clicks. Strip persona leak / ""blunt"" opener, trim ~30%, CTA → real PN pages."
jcb-service-master-fault-codes-list-and-manual-reset,/insights/jcb-service-master-fault-codes-list-and-manual-reset,outrank,4777,2025-12-14,14,613,7.8,15,KEEP+CLEAN,,"Earns clicks. Strip persona leak / ""blunt"" opener, trim ~30%, CTA → real PN pages."
clear-limp-mode-case-backhoe-without-dealer,/insights/clear-limp-mode-case-backhoe-without-dealer,outrank,3020,2026-01-18,14,357,6.8,5,KEEP+CLEAN,,"Earns clicks. Strip persona leak / ""blunt"" opener, trim ~30%, CTA → real PN pages."
troubleshooting-jcb-535-125-hydraulic-functions-cutting-out,/insights/troubleshooting-jcb-535-125-hydraulic-functions-cutting-out,outrank,4408,2025-12-13,12,292,9.9,6,KEEP+CLEAN,,"Earns clicks. Strip persona leak / ""blunt"" opener, trim ~30%, CTA → real PN pages."
jcb-telehandler-parking-brake-stuck-on-solenoid-release-guide,/insights/jcb-telehandler-parking-brake-stuck-on-solenoid-release-guide,outrank,4540,2025-12-19,8,693,9.5,5,KEEP+CLEAN,,"Small but real traffic. Low-priority clean."
jcb-js-130-throttle-motor-calibration-and-replacement-steps,/insights/jcb-js-130-throttle-motor-calibration-and-replacement-steps,outrank,3756,2026-01-03,8,328,7.9,4,KEEP+CLEAN,,"Small but real traffic. Low-priority clean."
jcb-telehandler-parking-brake-pad-replacement-15-920284,/insights/jcb-telehandler-parking-brake-pad-replacement-15-920284,outrank,3077,2026-01-06,4,239,15.2,1,KEEP+CLEAN,,"Small but real traffic. Low-priority clean."
yale-mpb-040-pallet-jack-troubleshooting,/insights/yale-mpb-040-pallet-jack-troubleshooting,outrank,4221,2026-02-03,4,105,7.6,2,KEEP+CLEAN,,"Small but real traffic. Low-priority clean."
jcb-telehandler-ad-blue-system-faults-pump-vs-injector,/insights/jcb-telehandler-ad-blue-system-faults-pump-vs-injector,outrank,4109,2025-12-11,3,259,7.6,3,KEEP+CLEAN,,"Small but real traffic. Low-priority clean."
jcb-fastrac-suspension-fault-codes-and-sensor-calibration,/insights/jcb-fastrac-suspension-fault-codes-and-sensor-calibration,outrank,4264,2026-01-11,3,119,7.3,1,KEEP+CLEAN,,"Small but real traffic. Low-priority clean."
reset-cat-262-b-service-light-tool,/insights/reset-cat-262-b-service-light-tool,outrank,3246,2026-01-24,3,27,10.8,0,KEEP+CLEAN,,"Small but real traffic. Low-priority clean."
cat-forklift-fault-codes,/insights/cat-forklift-fault-codes,legacy,1161,2024-10-24,12,2334,12.6,15,REWRITE,,"611 impr/28d, pos 13, 2 clicks. Lost head term (was 243 clicks/mo May-2025). SERP now Intella/mechnician/JustAnswer code tables — needs a real code table + clear procedure, not prose."
jcb-telehandler-joystick-controls,/insights/jcb-telehandler-joystick-controls,legacy,849,2024-07-27,2,288,36.4,3,REWRITE,,"288 impr/90d at pos 36.4 — Google sees it, users skip it. Cut length, lead with the answer, add a real CTA."
forklift-training-classes,/insights/forklift-training-classes,legacy,658,2025-01-19,1,584,91.3,0,REWRITE,,"584 impr/90d at pos 91.3 — Google sees it, users skip it. Cut length, lead with the answer, add a real CTA."
how-to-get-a-forklift-license,/insights/how-to-get-a-forklift-license,legacy,1130,2025-01-19,0,1718,83.8,0,REWRITE,,"1718 impr/90d at pos 83.8 — Google sees it, users skip it. Cut length, lead with the answer, add a real CTA."
forklift-certification-requirements,/insights/forklift-certification-requirements,outrank,4216,2025-11-20,0,1235,82.4,0,REWRITE,,"1,235 impr/90d, 0 clicks, pos 82. Google keeps testing it. Cut to ~1,200 words, lead with the 5 OSHA requirements, CTA to /safety checkout. Compete with certifyme/jjkeller format."
jlg-t350,/insights/jlg-t350,legacy,4580,2024-09-11,0,202,55.4,0,REWRITE,,"202 impr/90d at pos 55.4 — Google sees it, users skip it. Cut length, lead with the answer, add a real CTA."
mobile-elevating-work-platform-training,/insights/mobile-elevating-work-platform-training,outrank,4310,2025-12-08,0,146,88.7,0,REWRITE,,"146 impr/90d, pos 89, 0 clicks. Only if MEWP training is a product; otherwise REDIRECT → /safety."
best-lithium-batteries-for-golf-carts,/insights/best-lithium-batteries-for-golf-carts,outrank,4287,2025-12-04,0,94,58.9,0,REWRITE,,"94 impr/90d, pos 59. Commercial topic that maps to Lithium Rhino kits — rewrite as a short comparison landing on the kit PDPs."
osha-forklift-trainer-requirements,/insights/osha-forklift-trainer-requirements,outrank,3857,2025-11-12,0,87,85.8,0,REWRITE,,"87 impr/90d at pos 85.8 — Google sees it, users skip it. Cut length, lead with the answer, add a real CTA."
forks-for-a-backhoe,/insights/forks-for-a-backhoe,legacy,524,2024-02-24,0,69,54,0,REWRITE,,"69 impr/90d at pos 54 — Google sees it, users skip it. Cut length, lead with the answer, add a real CTA."
charger-for-forklift,/insights/charger-for-forklift,outrank,4318,2025-11-26,0,64,80.7,0,REWRITE,,"64 impr/90d at pos 80.7 — Google sees it, users skip it. Cut length, lead with the answer, add a real CTA."
jlg-450aj,/insights/jlg-450aj,legacy,3189,2024-09-11,0,57,61.9,0,REWRITE,,"57 impr/90d at pos 61.9 — Google sees it, users skip it. Cut length, lead with the answer, add a real CTA."
gehl-serial-number-lookup,/insights/gehl-serial-number-lookup,legacy,678,2024-09-07,49,918,8.8,49,REDIRECT,/parts/construction-equipment-parts/gehl-serial-number-lookup,"Duplicate of #1-ranking /parts/ page (103 vs 18 clicks/28d; both rank for same query at #1 and #14)."
toyota-forklift-year-by-serial-number,/insights/toyota-forklift-year-by-serial-number,legacy,1568,2024-10-14,15,941,18,27,REDIRECT,/parts/toyota-forklift-year-by-serial-number,"Third copy of the same topic (/parts/ 14 clicks, /toyota-forklift-serial-lookup 8, this 3). Fold into /parts/ copy; decide separately whether the tool page absorbs both."
forklift-daily-inspection-checklist,/insights/forklift-daily-inspection-checklist,legacy,19,2024-02-21,0,0,,0,REDIRECT,/insights/osha-forklift-inspection-checklist,"19-word stub."
forklift-repair-parts-ohio,/insights/forklift-repair-parts-ohio,legacy,182,2024-02-24,0,0,,0,REDIRECT,/parts,"182-word geo stub; parts ship-only."
forklift-safety-standards-ohio,/insights/forklift-safety-standards-ohio,legacy,59,2024-07-28,0,0,,0,REDIRECT,/safety,"59-word geo stub; no on-site service in Ohio."
genie-fault-code-2000-12,/insights/genie-fault-code-2000-12,legacy,69,2024-06-12,0,0,,0,REDIRECT,/parts/aerial-equipment/genie-scissor-lift-error-codes,"69-word stub; hub already covers 2000-12."
replacing-hyster-ignition-switch-with-universal-key,/insights/replacing-hyster-ignition-switch-with-universal-key,outrank,3583,2026-02-05,1,35,9.2,0,HOLD,,"35 impr/90d, pos 9.2. Marginal — watch one more quarter or fold into a hub."
jcb-3-cx-electrical-connector-corrosion-under-cab-fix,/insights/jcb-3-cx-electrical-connector-corrosion-under-cab-fix,outrank,4614,2025-12-21,1,31,9.8,0,HOLD,,"31 impr/90d, pos 9.8. Marginal — watch one more quarter or fold into a hub."
jlg-1600292-controller,/insights/jlg-1600292-controller,legacy,547,2024-08-24,1,4,4.8,0,HOLD,,"Ranks top-12 (pos 4.8) on a low-volume PN/model query (4 impr/90d). Harmless; keep unless consolidating the cluster."
cuanto-dura-la-certificacion-de-montacargas,/insights/cuanto-dura-la-certificacion-de-montacargas,legacy,389,2026-06-09,0,178,7.6,0,HOLD,,"Published 2026-06-09 (<4 months) — too new to judge."
jcb-ad-blue-pump-failure-symptoms-and-replacement-cost,/insights/jcb-ad-blue-pump-failure-symptoms-and-replacement-cost,outrank,4758,2026-01-14,0,46,17.6,1,HOLD,,"46 impr/90d, pos 17.6. Marginal — watch one more quarter or fold into a hub."
jcb-3-cx-powershift-transmission-overheating-oil-cooler-flush,/insights/jcb-3-cx-powershift-transmission-overheating-oil-cooler-flush,outrank,4461,2026-01-13,0,45,9.1,2,HOLD,,"45 impr/90d, pos 9.1. Marginal — watch one more quarter or fold into a hub."
osha-forklift-training-requirements,/insights/osha-forklift-training-requirements,outrank,4257,2025-11-08,0,42,75.4,0,HOLD,,"42 impr/90d, pos 75.4. Marginal — watch one more quarter or fold into a hub."
how-to-desulfate-batteries,/insights/how-to-desulfate-batteries,outrank,4139,2025-12-05,0,37,52.6,0,HOLD,,"37 impr/90d, pos 52.6. Marginal — watch one more quarter or fold into a hub."
forklift-center-of-gravity,/insights/forklift-center-of-gravity,outrank,4539,2025-11-25,0,33,31.1,0,HOLD,,"33 impr/90d, pos 31.1. Marginal — watch one more quarter or fold into a hub."
how-old-must-you-be-to-operate-a-forklift-2,/insights/how-old-must-you-be-to-operate-a-forklift-2,legacy,1050,2024-10-14,0,33,54.1,0,HOLD,,"33 impr/90d, pos 54.1. Marginal — watch one more quarter or fold into a hub."
hyster-50-transmission-fluid-capacity,/insights/hyster-50-transmission-fluid-capacity,outrank,2107,2026-01-27,0,31,6.7,0,HOLD,,"31 impr/90d, pos 6.7. Marginal — watch one more quarter or fold into a hub."
forklift-maintenance-checklist,/insights/forklift-maintenance-checklist,outrank,4887,2025-11-19,0,27,64.6,0,HOLD,,"27 impr/90d, pos 64.6. Marginal — watch one more quarter or fold into a hub."
how-to-choose-forklift-battery-charger,/insights/how-to-choose-forklift-battery-charger,legacy,1706,2025-08-19,0,27,69.4,0,HOLD,,"27 impr/90d, pos 69.4. Marginal — watch one more quarter or fold into a hub."
telehandler-rental-rates,/insights/telehandler-rental-rates,outrank,4080,2025-11-27,0,24,64.3,0,HOLD,,"24 impr/90d, pos 64.3. Marginal — watch one more quarter or fold into a hub."
jaltest-vs-cat-et-for-skid-steers,/insights/jaltest-vs-cat-et-for-skid-steers,outrank,3589,2026-01-16,0,22,7.5,0,HOLD,,"22 impr/90d, pos 7.5. Marginal — watch one more quarter or fold into a hub."
jcb-loadall-hydraulic-pump-cavitation-noise-and-power-loss,/insights/jcb-loadall-hydraulic-pump-cavitation-noise-and-power-loss,outrank,4508,2026-01-09,0,19,49.6,0,HOLD,,"19 impr/90d, pos 49.6. Marginal — watch one more quarter or fold into a hub."
aerial-lift-inspection-checklist,/insights/aerial-lift-inspection-checklist,outrank,4810,2025-11-18,0,15,17.5,0,HOLD,,"15 impr/90d, pos 17.5. Marginal — watch one more quarter or fold into a hub."
best-diagnostic-scanner-for-mixed-construction-fleet,/insights/best-diagnostic-scanner-for-mixed-construction-fleet,outrank,3937,2026-01-17,0,13,51.2,0,HOLD,,"13 impr/90d, pos 51.2. Marginal — watch one more quarter or fold into a hub."
jcb-excavator-throttle-motor-calibration-guide,/insights/jcb-excavator-throttle-motor-calibration-guide,outrank,4255,2025-12-22,0,12,12.4,0,HOLD,,"12 impr/90d, pos 12.4. Marginal — watch one more quarter or fold into a hub."
jcb-quick-hitch-solenoid-valve-testing-and-bypass,/insights/jcb-quick-hitch-solenoid-valve-testing-and-bypass,outrank,4250,2026-01-04,0,12,8.3,1,HOLD,,"12 impr/90d, pos 8.3. Marginal — watch one more quarter or fold into a hub."
como-sacar-la-licencia-de-montacargas,/insights/como-sacar-la-licencia-de-montacargas,legacy,554,2026-06-09,0,11,72.7,0,HOLD,,"Published 2026-06-09 (<4 months) — too new to judge."
requisitos-osha-certificacion-montacargas,/insights/requisitos-osha-certificacion-montacargas,legacy,440,2026-06-09,0,11,29.2,0,HOLD,,"Published 2026-06-09 (<4 months) — too new to judge."
hyster-1688643-8-00-20-wheel-rim,/insights/hyster-1688643-8-00-20-wheel-rim,legacy,119,2024-01-31,0,10,8.2,0,HOLD,,"10 impr/90d, pos 8.2. Marginal — watch one more quarter or fold into a hub."
toyota-4-y-engine-tune-up-kit,/insights/toyota-4-y-engine-tune-up-kit,outrank,4392,2026-01-31,0,10,11,0,HOLD,,"10 impr/90d, pos 11. Marginal — watch one more quarter or fold into a hub."
lithium-vs-lead-acid-golf-cart-batteries-2026-guide,/insights/lithium-vs-lead-acid-golf-cart-batteries-2026-guide,legacy,2085,2026-05-14,0,9,52.1,0,HOLD,,"Published 2026-05-14 (<4 months) — too new to judge."
crown-rr-5200-operator-manual-error-codes,/insights/crown-rr-5200-operator-manual-error-codes,outrank,1760,2026-02-06,0,8,8.8,0,HOLD,,"Ranks top-12 (pos 8.8) on a low-volume PN/model query (8 impr/90d). Harmless; keep unless consolidating the cluster."
cuanto-cuesta-la-certificacion-de-montacargas,/insights/cuanto-cuesta-la-certificacion-de-montacargas,legacy,396,2026-06-09,0,7,17,0,HOLD,,"Published 2026-06-09 (<4 months) — too new to judge."
36-v-to-12-v-voltage-converter,/insights/36-v-to-12-v-voltage-converter,outrank,3776,2025-12-28,0,4,9.3,0,HOLD,,"Ranks top-12 (pos 9.3) on a low-volume PN/model query (4 impr/90d). Harmless; keep unless consolidating the cluster."
bobcat-dealer-password-reset-tool-jaltest,/insights/bobcat-dealer-password-reset-tool-jaltest,outrank,2680,2026-01-25,0,4,8,0,HOLD,,"Ranks top-12 (pos 8) on a low-volume PN/model query (4 impr/90d). Harmless; keep unless consolidating the cluster."
jaltest-off-highway-coverage-list-2026,/insights/jaltest-off-highway-coverage-list-2026,outrank,2019,2026-01-19,0,4,12,0,HOLD,,"Ranks top-12 (pos 12) on a low-volume PN/model query (4 impr/90d). Harmless; keep unless consolidating the cluster."
genie-1256727gt-joystick,/insights/genie-1256727gt-joystick,legacy,563,2025-05-12,0,2,9.5,0,HOLD,,"Ranks top-12 (pos 9.5) on a low-volume PN/model query (2 impr/90d). Harmless; keep unless consolidating the cluster."
jaltest-cable-kit-for-skid-steers-9-pin,/insights/jaltest-cable-kit-for-skid-steers-9-pin,outrank,3379,2026-01-21,0,2,3.5,0,HOLD,,"Ranks top-12 (pos 3.5) on a low-volume PN/model query (2 impr/90d). Harmless; keep unless consolidating the cluster."
12-volt-converter,/insights/12-volt-converter,outrank,4521,2025-12-07,0,1,6,0,HOLD,,"Ranks top-12 (pos 6) on a low-volume PN/model query (1 impr/90d). Harmless; keep unless consolidating the cluster."
curso-de-montacargas-en-linea,/insights/curso-de-montacargas-en-linea,legacy,401,2026-06-09,0,1,69,0,HOLD,,"Published 2026-06-09 (<4 months) — too new to judge."
forklift-operator-evaluation-form,/insights/forklift-operator-evaluation-form,outrank,3675,2025-11-13,0,1,10,0,HOLD,,"Ranks top-12 (pos 10) on a low-volume PN/model query (1 impr/90d). Harmless; keep unless consolidating the cluster."
jaltest-subscription-cost-construction-equipment,/insights/jaltest-subscription-cost-construction-equipment,outrank,3082,2026-01-23,0,1,2,0,HOLD,,"Ranks top-12 (pos 2) on a low-volume PN/model query (1 impr/90d). Harmless; keep unless consolidating the cluster."
how-to-get-forklift-certified,/insights/how-to-get-forklift-certified,outrank,1500,2026-07-11,0,0,,0,HOLD,,"Published 2026-07-11 (<4 months) — too new to judge."
warehouse-safety-tips,/insights/warehouse-safety-tips,outrank,5222,2025-11-14,0,8,31.4,0,REMOVE,/safety,"Outrank batch, 5222w, 8 impressions in 90 days after 298 days live."
yale-forklift-brake-adjustment-procedure,/insights/yale-forklift-brake-adjustment-procedure,outrank,3844,2026-01-30,0,8,18.6,0,REMOVE,/parts?brand=Yale,"Outrank batch, 3844w, 8 impressions in 90 days after 221 days live."
diagnose-case-and-cat-with-one-scanner,/insights/diagnose-case-and-cat-with-one-scanner,outrank,3439,2026-01-20,0,6,28.3,0,REMOVE,/case-serial-number-lookup,"Outrank batch, 3439w, 6 impressions in 90 days after 231 days live."
enhancing-forklift-performance-aftermarket-parts,/insights/enhancing-forklift-performance-aftermarket-parts,legacy,603,2024-02-03,0,6,76.8,0,REMOVE,/parts,"603-word legacy stub, 6 impressions in 90 days."
heavy-equipment-laptop-scanner-combo,/insights/heavy-equipment-laptop-scanner-combo,outrank,3810,2026-01-22,0,6,52,0,REMOVE,/insights/jaltest-vs-cat-et-for-skid-steers,"Outrank batch, 3810w, 6 impressions in 90 days after 229 days live."
jcb-p-0117-coolant-temperature-sensor-location-and-swap,/insights/jcb-p-0117-coolant-temperature-sensor-location-and-swap,outrank,3097,2025-12-23,0,5,14.8,1,REMOVE,/brand/jcb/fault-codes,"Outrank batch, 3097w, 5 impressions in 90 days after 259 days live."
dc-to-dc-converter-48-v-to-12-v,/insights/dc-to-dc-converter-48-v-to-12-v,outrank,3351,2025-12-29,0,4,29.3,0,REMOVE,/battery-chargers,"Outrank batch, 3351w, 4 impressions in 90 days after 253 days live."
jcb-js-220-track-motor-floating-seal-replacement-guide,/insights/jcb-js-220-track-motor-floating-seal-replacement-guide,outrank,4772,2026-01-12,0,3,13.7,0,REMOVE,/brand/jcb/fault-codes,"Outrank batch, 4772w, 3 impressions in 90 days after 239 days live."
forklift-training-requirements,/insights/forklift-training-requirements,outrank,4134,2025-12-01,0,2,17.5,0,REMOVE,/safety,"Outrank batch, 4134w, 2 impressions in 90 days after 281 days live."
safety-training-course,/insights/safety-training-course,outrank,4056,2025-11-07,0,2,54,0,REMOVE,/safety,"Outrank batch, 4056w, 2 impressions in 90 days after 305 days live."
24-volt-forklift-battery-charger,/insights/24-volt-forklift-battery-charger,outrank,4098,2025-12-06,0,0,,0,REMOVE,/battery-chargers,"Outrank batch, 4098w, 0 impressions in 90 days after 276 days live."
aerial-lift-certification,/insights/aerial-lift-certification,legacy,2197,2025-02-03,0,0,,0,REMOVE,/safety,"2197w legacy post, 0 impressions in 90 days after 582 days live."
aerial-lift-training,/insights/aerial-lift-training,outrank,3989,2025-11-23,0,0,,0,REMOVE,/safety,"Outrank batch, 3989w, 0 impressions in 90 days after 289 days live."
battery-charger-for-golf-carts-36-v,/insights/battery-charger-for-golf-carts-36-v,outrank,4715,2025-12-27,0,0,,0,REMOVE,/battery-chargers,"Outrank batch, 4715w, 0 impressions in 90 days after 255 days live."
bent-forklift-forks,/insights/bent-forklift-forks,legacy,155,2024-02-24,0,0,,0,REMOVE,/parts/category/forks,"155-word legacy stub, 0 impressions in 90 days."
bms-integration-lithium-forklift-chargers,/insights/bms-integration-lithium-forklift-chargers,legacy,1776,2025-08-19,0,0,,0,REMOVE,/battery-chargers,"1776w legacy post, 0 impressions in 90 days after 385 days live."
carpet-poles-for-forklifts,/insights/carpet-poles-for-forklifts,legacy,174,2024-02-24,0,0,,0,REMOVE,/parts/category/forks,"174-word legacy stub, 0 impressions in 90 days."
case-1840-specs,/insights/case-1840-specs,legacy,2584,2024-09-30,0,0,,0,REMOVE,/case-serial-number-lookup,"2584w legacy post, 0 impressions in 90 days after 708 days live."
cat-p5000-throttle-control-switch-troubleshooting,/insights/cat-p5000-throttle-control-switch-troubleshooting,legacy,1719,2024-10-19,0,0,,0,REMOVE,/insights/cat-forklift-fault-codes,"1719w legacy post, 0 impressions in 90 days after 689 days live."
changing-hydraulic-oil-toyota-7-series-forklift,/insights/changing-hydraulic-oil-toyota-7-series-forklift,outrank,3408,2026-01-28,0,0,,0,REMOVE,/toyota-forklift-serial-lookup,"Outrank batch, 3408w, 0 impressions in 90 days after 223 days live."
charging-electric-forklift,/insights/charging-electric-forklift,outrank,4705,2025-11-30,0,0,,0,REMOVE,/battery-chargers,"Outrank batch, 4705w, 0 impressions in 90 days after 282 days live."
complete-guide-forklift-battery-chargers,/insights/complete-guide-forklift-battery-chargers,legacy,4681,2025-08-19,0,0,,0,REMOVE,/battery-chargers,"4681w legacy post, 0 impressions in 90 days after 385 days live."
crown-electric-forklift-battery-watering-guide,/insights/crown-electric-forklift-battery-watering-guide,outrank,3319,2026-02-02,0,0,,0,REMOVE,/battery-chargers,"Outrank batch, 3319w, 0 impressions in 90 days after 218 days live."
crown-rc-5500-fault-code-312-fix,/insights/crown-rc-5500-fault-code-312-fix,outrank,3638,2026-01-29,0,0,,0,REMOVE,/brand/crown/serial-lookup,"Outrank batch, 3638w, 0 impressions in 90 days after 222 days live."
do-skid-steers-have-titles,/insights/do-skid-steers-have-titles,legacy,1080,2024-09-07,0,0,,0,REMOVE,/parts,"1080w legacy post, 0 impressions in 90 days after 731 days live."
electric-forklift-charging,/insights/electric-forklift-charging,outrank,4459,2025-11-28,0,0,,0,REMOVE,/battery-chargers,"Outrank batch, 4459w, 0 impressions in 90 days after 284 days live."
electric-pallet-jack-certification,/insights/electric-pallet-jack-certification,outrank,2934,2025-12-25,0,0,,0,REMOVE,/safety,"Outrank batch, 2934w, 0 impressions in 90 days after 257 days live."
enhancing-forklift-safety-camera-systems,/insights/enhancing-forklift-safety-camera-systems,legacy,560,2024-02-03,0,0,,0,REMOVE,/parts,"560-word legacy stub, 0 impressions in 90 days."
enhancing-forklift-safety-tech,/insights/enhancing-forklift-safety-tech,legacy,593,2024-02-03,0,0,,0,REMOVE,/parts,"593-word legacy stub, 0 impressions in 90 days."
ep-forklifts,/insights/ep-forklifts,legacy,2243,2025-05-12,0,0,,0,REMOVE,/parts,"2243w legacy post, 0 impressions in 90 days after 484 days live."
fast-vs-overnight-forklift-charging,/insights/fast-vs-overnight-forklift-charging,legacy,1823,2025-08-19,0,0,,0,REMOVE,/battery-chargers,"1823w legacy post, 0 impressions in 90 days after 385 days live."
fixing-jcb-p-0107-atmospheric-pressure-sensor-faults,/insights/fixing-jcb-p-0107-atmospheric-pressure-sensor-faults,outrank,4141,2025-12-17,0,0,,0,REMOVE,/brand/jcb/fault-codes,"Outrank batch, 4141w, 0 impressions in 90 days after 265 days live."
fork-extensions-for-forklifts,/insights/fork-extensions-for-forklifts,legacy,564,2024-02-24,0,0,,0,REMOVE,/parts/category/forks,"564-word legacy stub, 0 impressions in 90 days."
forklift-aerial-platforms,/insights/forklift-aerial-platforms,outrank,4486,2025-11-22,0,0,,0,REMOVE,/parts,"Outrank batch, 4486w, 0 impressions in 90 days after 290 days live."
forklift-and-pedestrian-safety,/insights/forklift-and-pedestrian-safety,outrank,4545,2025-12-03,0,0,,0,REMOVE,/safety,"Outrank batch, 4545w, 0 impressions in 90 days after 279 days live."
forklift-battery-chargers,/insights/forklift-battery-chargers,legacy,2952,2025-08-19,0,0,,0,REMOVE,/battery-chargers,"2952w legacy post, 0 impressions in 90 days after 385 days live."
forklift-charger-module-supplier,/insights/forklift-charger-module-supplier,legacy,974,2025-01-27,0,0,,0,REMOVE,/battery-chargers,"974w legacy post, 0 impressions in 90 days after 589 days live."
forklift-charger-voltage-comparison,/insights/forklift-charger-voltage-comparison,legacy,1570,2025-08-19,0,0,,0,REMOVE,/battery-chargers,"1570w legacy post, 0 impressions in 90 days after 385 days live."
forklift-charging-stations,/insights/forklift-charging-stations,outrank,4634,2025-12-31,0,0,,0,REMOVE,/battery-chargers,"Outrank batch, 4634w, 0 impressions in 90 days after 251 days live."
forklift-fork-sizes,/insights/forklift-fork-sizes,outrank,4014,2025-12-26,0,0,,0,REMOVE,/parts/category/forks,"Outrank batch, 4014w, 0 impressions in 90 days after 256 days live."
forklift-forks-class-3,/insights/forklift-forks-class-3,legacy,893,2024-02-27,0,0,,0,REMOVE,/parts/category/forks,"893w legacy post, 0 impressions in 90 days after 924 days live."
forklift-forks,/insights/forklift-forks,legacy,2325,2024-02-19,0,0,,0,REMOVE,/parts/category/forks,"2325w legacy post, 0 impressions in 90 days after 932 days live."
forklift-lumber-forks,/insights/forklift-lumber-forks,legacy,1894,2025-05-12,0,0,,0,REMOVE,/parts/category/forks,"1894w legacy post, 0 impressions in 90 days after 484 days live."
forklift-operator-safety-training,/insights/forklift-operator-safety-training,outrank,4110,2025-11-24,0,0,,0,REMOVE,/safety,"Outrank batch, 4110w, 0 impressions in 90 days after 288 days live."
forklift-osha-certification,/insights/forklift-osha-certification,outrank,4166,2025-11-06,0,0,,0,REMOVE,/safety,"Outrank batch, 4166w, 0 impressions in 90 days after 306 days live."
forklift-parts-cold-storage-guide,/insights/forklift-parts-cold-storage-guide,legacy,580,2024-02-03,0,0,,0,REMOVE,/parts,"580-word legacy stub, 0 impressions in 90 days."
forklift-parts-online,/insights/forklift-parts-online,outrank,4091,2025-11-09,0,0,,0,REMOVE,/parts,"Outrank batch, 4091w, 0 impressions in 90 days after 303 days live."
forklift-side-shifter,/insights/forklift-side-shifter,legacy,1778,2024-09-23,0,0,,0,REMOVE,/parts/category/forks,"1778w legacy post, 0 impressions in 90 days after 715 days live."
forklift-training-certificate-template,/insights/forklift-training-certificate-template,outrank,3397,2025-11-17,0,0,,0,REMOVE,/safety,"Outrank batch, 3397w, 0 impressions in 90 days after 295 days live."
forklift-truck-charger,/insights/forklift-truck-charger,outrank,4402,2025-12-30,0,0,,0,REMOVE,/battery-chargers,"Outrank batch, 4402w, 0 impressions in 90 days after 252 days live."
future-green-material-handling,/insights/future-green-material-handling,legacy,530,2024-02-03,0,0,,0,REMOVE,/parts,"530-word legacy stub, 0 impressions in 90 days."
genie-lift-battery-replacement,/insights/genie-lift-battery-replacement,outrank,4537,2025-12-09,0,0,,0,REMOVE,/battery-chargers,"Outrank batch, 4537w, 0 impressions in 90 days after 273 days live."
genie-scissor-lift-error-codes,/insights/genie-scissor-lift-error-codes,legacy,2687,2024-10-14,0,0,,0,REMOVE,/parts/aerial-equipment/genie-scissor-lift-error-codes,"2687w legacy post, 0 impressions in 90 days after 694 days live."
how-long-does-forklift-certification-take,/insights/how-long-does-forklift-certification-take,outrank,2293,2025-11-21,0,0,,0,REMOVE,/safety,"Outrank batch, 2293w, 0 impressions in 90 days after 291 days live."
how-long-is-forklift-certification-good-for,/insights/how-long-is-forklift-certification-good-for,legacy,973,2024-10-14,0,0,,0,REMOVE,/safety,"973w legacy post, 0 impressions in 90 days after 694 days live."
how-much-is-a-forklift-license,/insights/how-much-is-a-forklift-license,outrank,2375,2025-11-11,0,0,,0,REMOVE,/safety,"Outrank batch, 2375w, 0 impressions in 90 days after 301 days live."
how-to-become-a-forklift-operator,/insights/how-to-become-a-forklift-operator,outrank,4580,2025-12-02,0,0,,0,REMOVE,/safety,"Outrank batch, 4580w, 0 impressions in 90 days after 280 days live."
importance-forklift-chains-maintenance-safety,/insights/importance-forklift-chains-maintenance-safety,legacy,574,2024-02-03,0,0,,0,REMOVE,/parts,"574-word legacy stub, 0 impressions in 90 days."
jcb-1400b-serial-number,/insights/jcb-1400b-serial-number,legacy,892,2024-07-24,0,0,,0,REMOVE,/brand/jcb/fault-codes,"892w legacy post, 0 impressions in 90 days after 776 days live."
jcb-3-cx-backhoe-wont-move-forward-or-reverse-solenoid-fix,/insights/jcb-3-cx-backhoe-wont-move-forward-or-reverse-solenoid-fix,outrank,4244,2025-12-10,0,0,,0,REMOVE,/brand/jcb/fault-codes,"Outrank batch, 4244w, 0 impressions in 90 days after 272 days live."
jcb-3-cx-steering-mode-switch-fault-crab-steer-fix,/insights/jcb-3-cx-steering-mode-switch-fault-crab-steer-fix,outrank,4349,2026-01-01,0,0,,0,REMOVE,/brand/jcb/fault-codes,"Outrank batch, 4349w, 0 impressions in 90 days after 250 days live."
jcb-4-cx-transmission-overheating-oil-cooler-and-filter-check,/insights/jcb-4-cx-transmission-overheating-oil-cooler-and-filter-check,outrank,4084,2025-12-16,0,0,,0,REMOVE,/brand/jcb/fault-codes,"Outrank batch, 4084w, 0 impressions in 90 days after 266 days live."
jcb-4-cx-transmission-solenoid-shift-faults-forward-reverse-fix,/insights/jcb-4-cx-transmission-solenoid-shift-faults-forward-reverse-fix,outrank,4544,2026-01-07,0,0,,0,REMOVE,/brand/jcb/fault-codes,"Outrank batch, 4544w, 0 impressions in 90 days after 244 days live."
jcb-ad-blue-def-crystallization-cleaning-and-pump-replacement,/insights/jcb-ad-blue-def-crystallization-cleaning-and-pump-replacement,outrank,3743,2025-12-20,0,0,,0,REMOVE,/brand/jcb/fault-codes,"Outrank batch, 3743w, 0 impressions in 90 days after 262 days live."
jcb-ad-blue-injector-cleaning-guide-bosch-denoxtronic-system,/insights/jcb-ad-blue-injector-cleaning-guide-bosch-denoxtronic-system,outrank,4017,2026-01-02,0,0,,0,REMOVE,/brand/jcb/fault-codes,"Outrank batch, 4017w, 0 impressions in 90 days after 249 days live."
jcb-engine-serial-number-lookup,/insights/jcb-engine-serial-number-lookup,legacy,789,2024-07-24,0,0,,0,REMOVE,/brand/jcb/fault-codes,"789w legacy post, 0 impressions in 90 days after 776 days live."
jcb-hydraulic-pump-noise-cavitation-vs-worn-bearings,/insights/jcb-hydraulic-pump-noise-cavitation-vs-worn-bearings,outrank,4052,2025-12-18,0,0,,0,REMOVE,/brand/jcb/fault-codes,"Outrank batch, 4052w, 0 impressions in 90 days after 264 days live."
jcb-loadall-wont-start-immobilizer-and-keypad-bypass,/insights/jcb-loadall-wont-start-immobilizer-and-keypad-bypass,outrank,4461,2025-12-15,0,0,,0,REMOVE,/brand/jcb/fault-codes,"Outrank batch, 4461w, 0 impressions in 90 days after 267 days live."
jcb-p-0107-atmospheric-pressure-sensor-location-and-swap,/insights/jcb-p-0107-atmospheric-pressure-sensor-location-and-swap,outrank,4465,2026-01-10,0,0,,0,REMOVE,/brand/jcb/fault-codes,"Outrank batch, 4465w, 0 impressions in 90 days after 241 days live."
jcb-parts-by-serial-number,/insights/jcb-parts-by-serial-number,legacy,977,2024-07-24,0,0,,0,REMOVE,/brand/jcb/fault-codes,"977w legacy post, 0 impressions in 90 days after 776 days live."
jcb-telehandler-models,/insights/jcb-telehandler-models,legacy,1581,2024-07-27,0,0,,0,REMOVE,/brand/jcb/fault-codes,"1581w legacy post, 0 impressions in 90 days after 773 days live."
jlg-0060048s-actuator,/insights/jlg-0060048s-actuator,legacy,2253,2025-05-12,0,0,,0,REMOVE,/jlg-serial-number-lookup,"2253w legacy post, 0 impressions in 90 days after 484 days live."
john-deere-250-skid-steer,/insights/john-deere-250-skid-steer,legacy,2475,2024-09-23,0,0,,0,REMOVE,/parts/construction-equipment-parts/john-deere-skid-steer-product-identification-number-lookup,"2475w legacy post, 0 impressions in 90 days after 715 days live."
john-deere-320-skid-steer,/insights/john-deere-320-skid-steer,legacy,1901,2024-09-23,0,0,,0,REMOVE,/parts/construction-equipment-parts/john-deere-skid-steer-product-identification-number-lookup,"1901w legacy post, 0 impressions in 90 days after 715 days live."
joystick-codes,/insights/joystick-codes,legacy,175,2024-08-14,0,0,,0,REMOVE,/parts,"175-word legacy stub, 0 impressions in 90 days."
lead-acid-vs-lithium-forklift-chargers,/insights/lead-acid-vs-lithium-forklift-chargers,legacy,1462,2025-08-19,0,0,,0,REMOVE,/battery-chargers,"1462w legacy post, 0 impressions in 90 days after 385 days live."
licencia-de-forklift,/insights/licencia-de-forklift,legacy,1890,2025-01-19,0,0,,0,REMOVE,/es/safety,"1890w legacy post, 0 impressions in 90 days after 597 days live."
lithium-forklift-battery-chargers-complete-guide,/insights/lithium-forklift-battery-chargers-complete-guide,legacy,1510,2025-08-19,0,0,,0,REMOVE,/battery-chargers,"1510w legacy post, 0 impressions in 90 days after 385 days live."
maximizing-efficiency-on-your-site-with-toro-buggy-parts,/insights/maximizing-efficiency-on-your-site-with-toro-buggy-parts,legacy,356,2024-01-23,0,0,,0,REMOVE,/parts,"356-word legacy stub, 0 impressions in 90 days."
mewp-certification,/insights/mewp-certification,legacy,2229,2025-05-12,0,0,,0,REMOVE,/safety,"2229w legacy post, 0 impressions in 90 days after 484 days live."
nissan-forklift-idle-circuit,/insights/nissan-forklift-idle-circuit,legacy,1580,2024-10-19,0,0,,0,REMOVE,/insights/e43-code-nissan-forklift,"1580w legacy post, 0 impressions in 90 days after 689 days live."
nissan-k21-forklift-engine,/insights/nissan-k21-forklift-engine,legacy,2002,2024-10-14,0,0,,0,REMOVE,/insights/e43-code-nissan-forklift,"2002w legacy post, 0 impressions in 90 days after 694 days live."
osha-forklift-inspection-checklist,/insights/osha-forklift-inspection-checklist,outrank,4854,2025-11-15,0,0,,0,REMOVE,/safety,"Outrank batch, 4854w, 0 impressions in 90 days after 297 days live."
osha-standard-for-forklift-training,/insights/osha-standard-for-forklift-training,outrank,4442,2025-11-16,0,0,,0,REMOVE,/safety,"Outrank batch, 4442w, 0 impressions in 90 days after 296 days live."
replacement-forklift-forks,/insights/replacement-forklift-forks,legacy,822,2024-02-24,0,0,,0,REMOVE,/parts/category/forks,"822w legacy post, 0 impressions in 90 days after 927 days live."
replacing-jcb-telehandler-wear-pads-boom-extension-guide,/insights/replacing-jcb-telehandler-wear-pads-boom-extension-guide,outrank,4277,2025-12-24,0,0,,0,REMOVE,/brand/jcb/fault-codes,"Outrank batch, 4277w, 0 impressions in 90 days after 258 days live."
safety-and-forklift-training,/insights/safety-and-forklift-training,outrank,3559,2025-11-10,0,0,,0,REMOVE,/safety,"Outrank batch, 3559w, 0 impressions in 90 days after 302 days live."
shaft-mounted-forks,/insights/shaft-mounted-forks,legacy,508,2024-02-24,0,0,,0,REMOVE,/parts/category/forks,"508-word legacy stub, 0 impressions in 90 days."
the-real-cause-of-most-forklift-accidents-operator-error-and-inadequate-training,/insights/the-real-cause-of-most-forklift-accidents-operator-error-and-inadequate-training,legacy,470,2025-10-30,0,0,,0,REMOVE,/safety,"470-word legacy stub, 0 impressions in 90 days."
toro-dingo-tx427,/insights/toro-dingo-tx427,legacy,2036,2024-07-31,0,0,,0,REMOVE,/parts,"2036w legacy post, 0 impressions in 90 days after 769 days live."
toyota-8-fgu-25-oil-filter-cross-reference,/insights/toyota-8-fgu-25-oil-filter-cross-reference,outrank,3138,2026-01-26,0,0,,0,REMOVE,/toyota-forklift-serial-lookup,"Outrank batch, 3138w, 0 impressions in 90 days after 225 days live."
toyota-forklift-mast-bearing-replacement,/insights/toyota-forklift-mast-bearing-replacement,outrank,4201,2026-02-04,0,0,,0,REMOVE,/toyota-forklift-serial-lookup,"Outrank batch, 4201w, 0 impressions in 90 days after 216 days live."
warehouse-equipment-forklift-parts,/insights/warehouse-equipment-forklift-parts,legacy,199,2024-02-24,0,0,,0,REMOVE,/parts,"199-word legacy stub, 0 impressions in 90 days."
what-are-forklift-forks-made-of-2,/insights/what-are-forklift-forks-made-of-2,legacy,437,2024-02-24,0,0,,0,REMOVE,/parts/category/forks,"437-word legacy stub, 0 impressions in 90 days."
what-is-a-scissor-lift-used-for,/insights/what-is-a-scissor-lift-used-for,outrank,3858,2025-11-29,0,0,,0,REMOVE,/parts,"Outrank batch, 3858w, 0 impressions in 90 days after 283 days live."
what-is-the-fuel-capacity-of-a-746b-bobcat,/insights/what-is-the-fuel-capacity-of-a-746b-bobcat,legacy,960,2024-09-23,0,0,,0,REMOVE,/bobcat-serial-number-lookup,"960w legacy post, 0 impressions in 90 days after 715 days live."
wyoming-telehandler-rental,/insights/wyoming-telehandler-rental,legacy,1141,2024-04-16,0,0,,0,REMOVE,/rent-equipment,"1141w legacy post, 0 impressions in 90 days after 875 days live."
your-bobcat-serial-number-how-to-find-and-use-it,/insights/your-bobcat-serial-number-how-to-find-and-use-it,legacy,4843,2024-08-24,0,0,,0,REMOVE,/bobcat-serial-number-lookup,"4843w legacy post, 0 impressions in 90 days after 745 days live."
zoomlion-excavator-specs,/insights/zoomlion-excavator-specs,legacy,95,2024-03-21,0,0,,0,REMOVE,/parts,"95-word legacy stub, 0 impressions in 90 days."
zoomlion,/insights/zoomlion,legacy,2211,2025-05-12,0,0,,0,REMOVE,/parts,"2211w legacy post, 0 impressions in 90 days after 484 days live."
